case_id,frame_id,time_s,object_id,active_flag,released_flag,radiation_power_W,radiant_intensity_W_sr,detector_received_power_W,detector_irradiance_W_m2,screen_x_m,screen_y_m,in_screen_flag,range_to_detector_m
SYNTHETIC_TEST_ONLY,0,0,1,1,1,10,1,0.1,0.2,0,0,1,100
SYNTHETIC_TEST_ONLY,1,10,1,1,1,10,1,0.1,0.2,0,0,1,100
SYNTHETIC_TEST_ONLY,2,20,1,1,1,10,1,0.1,0.2,0,0,1,100
SYNTHETIC_TEST_ONLY,3,30,1,1,1,10,1,0.1,0.2,0,0,1,100
SYNTHETIC_TEST_ONLY,4,40,1,1,1,10,1,0.1,0.2,0,0,1,100
SYNTHETIC_TEST_ONLY,5,50,1,1,1,10,1,0.1,0.2,0,0,1,100
SYNTHETIC_TEST_ONLY,6,60,1,1,1,10,1,0.1,0.2,0,0,1,100
SYNTHETIC_TEST_ONLY,7,70,1,1,1,10,1,0.1,0.2,0,0,1,100
SYNTHETIC_TEST_ONLY,8,80,1,1,1,10,1,0.1,0.2,0,0,1,100
SYNTHETIC_TEST_ONLY,9,90,1,1,1,10,1,0.1,0.2,0,0,1,100
SYNTHETIC_TEST_ONLY,10,100,1,1,1,10,1,0.1,0.2,0,0,1,100
SYNTHETIC_TEST_ONLY,11,110,1,1,1,10,1,0.1,0.2,0,0,1,100
SYNTHETIC_TEST_ONLY,12,120,1,1,1,10,1,0.1,0.2,0,0,1,100
SYNTHETIC_TEST_ONLY,13,130,1,1,1,10,1,0.1,0.2,0,0,1,100
SYNTHETIC_TEST_ONLY,14,140,1,1,1,10,1,0.1,0.2,0,0,1,100
SYNTHETIC_TEST_ONLY,15,150,1,1,1,10,1,0.1,0.2,0,0,1,100
SYNTHETIC_TEST_ONLY,16,160,1,1,1,10,1,0.1,0.2,0,0,1,100
SYNTHETIC_TEST_ONLY,17,170,1,1,1,10,1,0.1,0.2,0,0,1,100
SYNTHETIC_TEST_ONLY,18,180,1,1,1,10,1,0.1,0.2,0,0,1,100
SYNTHETIC_TEST_ONLY,19,190,1,1,1,10,1,0.1,0.2,0,0,1,100
SYNTHETIC_TEST_ONLY,20,200,1,1,1,10,1,0.1,0.2,0,0,1,100
SYNTHETIC_TEST_ONLY,21,210,1,1,1,10,1,0.1,0.2,0,0,1,100
SYNTHETIC_TEST_ONLY,22,220,1,1,1,10,1,0.1,0.2,0,0,1,100
SYNTHETIC_TEST_ONLY,23,230,1,1,1,10,1,0.1,0.2,0,0,1,100
SYNTHETIC_TEST_ONLY,24,240,1,1,1,10,1,0.1,0.2,0,0,1,100
SYNTHETIC_TEST_ONLY,25,250,1,1,1,10,1,0.1,0.2,0,0,1,100
SYNTHETIC_TEST_ONLY,26,260,1,1,1,10,1,0.1,0.2,0,0,1,100
SYNTHETIC_TEST_ONLY,27,270,1,1,1,10,1,0.1,0.2,0,0,1,100
SYNTHETIC_TEST_ONLY,28,280,1,1,1,10,1,0.1,0.2,0,0,1,100
SYNTHETIC_TEST_ONLY,29,290,1,1,1,10,1,0.1,0.2,0,0,1,100
SYNTHETIC_TEST_ONLY,30,300,1,1,1,10,1,0.1,0.2,0,0,1,100
SYNTHETIC_TEST_ONLY,31,310,1,1,1,10,1,0.1,0.2,0,0,1,100
SYNTHETIC_TEST_ONLY,32,320,1,1,1,10,1,0.1,0.2,0,0,1,100
SYNTHETIC_TEST_ONLY,33,330,1,1,1,10,1,0.1,0.2,0,0,1,100
SYNTHETIC_TEST_ONLY,34,340,1,1,1,10,1,0.1,0.2,0,0,1,100
SYNTHETIC_TEST_ONLY,35,350,1,1,1,10,1,0.1,0.2,0,0,1,100
SYNTHETIC_TEST_ONLY,36,360,1,1,1,10,1,0.1,0.2,0,0,1,100
SYNTHETIC_TEST_ONLY,37,370,1,1,1,10,1,0.1,0.2,0,0,1,100
SYNTHETIC_TEST_ONLY,38,380,1,1,1,10,1,0.1,0.2,0,0,1,100
SYNTHETIC_TEST_ONLY,39,390,1,1,1,10,1,0.1,0.2,0,0,1,100
SYNTHETIC_TEST_ONLY,40,400,1,1,1,10,1,0.1,0.2,0,0,1,100
SYNTHETIC_TEST_ONLY,41,410,1,1,1,10,1,0.1,0.2,0,0,1,100
SYNTHETIC_TEST_ONLY,42,420,1,1,1,10,1,0.1,0.2,0,0,1,100
SYNTHETIC_TEST_ONLY,43,430,1,1,1,10,1,0.1,0.2,0,0,1,100
SYNTHETIC_TEST_ONLY,44,440,1,1,1,10,1,0.1,0.2,0,0,1,100
SYNTHETIC_TEST_ONLY,45,450,1,1,1,10,1,0.1,0.2,0,0,1,100
SYNTHETIC_TEST_ONLY,46,460,1,1,1,10,1,0.1,0.2,0,0,1,100
SYNTHETIC_TEST_ONLY,47,470,1,1,1,10,1,0.1,0.2,0,0,1,100
SYNTHETIC_TEST_ONLY,48,480,1,1,1,10,1,0.1,0.2,0,0,1,100
SYNTHETIC_TEST_ONLY,49,490,1,1,1,10,1,0.1,0.2,0,0,1,100
SYNTHETIC_TEST_ONLY,50,500,1,1,1,10,1,0.1,0.2,0,0,1,100
SYNTHETIC_TEST_ONLY,51,510,1,1,1,10,1,0.1,0.2,0,0,1,100
SYNTHETIC_TEST_ONLY,52,520,1,1,1,10,1,0.1,0.2,0,0,1,100
SYNTHETIC_TEST_ONLY,53,530,1,1,1,10,1,0.1,0.2,0,0,1,100
SYNTHETIC_TEST_ONLY,54,540,1,1,1,10,1,0.1,0.2,0,0,1,100
SYNTHETIC_TEST_ONLY,55,550,1,1,1,10,1,0.1,0.2,0,0,1,100
SYNTHETIC_TEST_ONLY,56,560,1,1,1,10,1,0.1,0.2,0,0,1,100
SYNTHETIC_TEST_ONLY,57,570,1,1,1,10,1,0.1,0.2,0,0,1,100
SYNTHETIC_TEST_ONLY,58,580,1,1,1,10,1,0.1,0.2,0,0,1,100
SYNTHETIC_TEST_ONLY,59,590,1,1,1,10,1,0.1,0.2,0,0,1,100
SYNTHETIC_TEST_ONLY,60,600,1,1,1,10,1,0.1,0.2,0,0,1,100
SYNTHETIC_TEST_ONLY,61,610,1,1,1,10,1,0.1,0.2,0,0,1,100
SYNTHETIC_TEST_ONLY,62,620,1,1,1,10,1,0.1,0.2,0,0,1,100
SYNTHETIC_TEST_ONLY,63,630,1,1,1,10,1,0.1,0.2,0,0,1,100
SYNTHETIC_TEST_ONLY,64,640,1,1,1,10,1,0.1,0.2,0,0,1,100
SYNTHETIC_TEST_ONLY,65,650,1,1,1,10,1,0.1,0.2,0,0,1,100
SYNTHETIC_TEST_ONLY,66,660,1,1,1,10,1,0.1,0.2,0,0,1,100
SYNTHETIC_TEST_ONLY,67,670,1,1,1,10,1,0.1,0.2,0,0,1,100
SYNTHETIC_TEST_ONLY,68,680,1,1,1,10,1,0.1,0.2,0,0,1,100
SYNTHETIC_TEST_ONLY,69,690,1,1,1,10,1,0.1,0.2,0,0,1,100
SYNTHETIC_TEST_ONLY,70,700,1,1,1,10,1,0.1,0.2,0,0,1,100
SYNTHETIC_TEST_ONLY,71,710,1,1,1,10,1,0.1,0.2,0,0,1,100
SYNTHETIC_TEST_ONLY,72,720,1,1,1,10,1,0.1,0.2,0,0,1,100
SYNTHETIC_TEST_ONLY,73,730,1,1,1,10,1,0.1,0.2,0,0,1,100
SYNTHETIC_TEST_ONLY,74,740,1,1,1,10,1,0.1,0.2,0,0,1,100
SYNTHETIC_TEST_ONLY,75,750,1,1,1,10,1,0.1,0.2,0,0,1,100
SYNTHETIC_TEST_ONLY,76,760,1,1,1,10,1,0.1,0.2,0,0,1,100
SYNTHETIC_TEST_ONLY,77,770,1,1,1,10,1,0.1,0.2,0,0,1,100
SYNTHETIC_TEST_ONLY,78,780,1,1,1,10,1,0.1,0.2,0,0,1,100
SYNTHETIC_TEST_ONLY,79,790,1,1,1,10,1,0.1,0.2,0,0,1,100
SYNTHETIC_TEST_ONLY,80,800,1,1,1,10,1,0.1,0.2,0,0,1,100
SYNTHETIC_TEST_ONLY,81,810,1,1,1,10,1,0.1,0.2,0,0,1,100
SYNTHETIC_TEST_ONLY,82,820,1,1,1,10,1,0.1,0.2,0,0,1,100
SYNTHETIC_TEST_ONLY,83,830,1,1,1,10,1,0.1,0.2,0,0,1,100
SYNTHETIC_TEST_ONLY,84,840,1,1,1,10,1,0.1,0.2,0,0,1,100
SYNTHETIC_TEST_ONLY,85,850,1,1,1,10,1,0.1,0.2,0,0,1,100
SYNTHETIC_TEST_ONLY,86,860,1,1,1,10,1,0.1,0.2,0,0,1,100
SYNTHETIC_TEST_ONLY,87,870,1,1,1,10,1,0.1,0.2,0,0,1,100
SYNTHETIC_TEST_ONLY,88,880,1,1,1,10,1,0.1,0.2,0,0,1,100
SYNTHETIC_TEST_ONLY,89,890,1,1,1,10,1,0.1,0.2,0,0,1,100
SYNTHETIC_TEST_ONLY,90,900,1,1,1,10,1,0.1,0.2,0,0,1,100
SYNTHETIC_TEST_ONLY,91,910,1,1,1,10,1,0.1,0.2,0,0,1,100
SYNTHETIC_TEST_ONLY,92,920,1,1,1,10,1,0.1,0.2,0,0,1,100
SYNTHETIC_TEST_ONLY,93,930,1,1,1,10,1,0.1,0.2,0,0,1,100
SYNTHETIC_TEST_ONLY,94,940,1,1,1,10,1,0.1,0.2,0,0,1,100
SYNTHETIC_TEST_ONLY,95,950,1,1,1,10,1,0.1,0.2,0,0,1,100
SYNTHETIC_TEST_ONLY,96,960,1,1,1,10,1,0.1,0.2,0,0,1,100
SYNTHETIC_TEST_ONLY,97,970,1,1,1,10,1,0.1,0.2,0,0,1,100
SYNTHETIC_TEST_ONLY,98,980,1,1,1,10,1,0.1,0.2,0,0,1,100
SYNTHETIC_TEST_ONLY,99,990,1,1,1,10,1,0.1,0.2,0,0,1,100
SYNTHETIC_TEST_ONLY,100,1000,1,1,1,10,1,0.1,0.2,0,0,1,100
