"Path","Hash"
"00-README_封版操作.txt","59AB996B6A870121729BBD8B521620416503D893AAEDD357BB2D92E63A58CF1E"
"00-版本信息.json","76FD768F61CC8F931F56C8E937E232AA564521F4BEF041BD6C7193F45B9DD80B"
"00-变更控制规则.txt","1E3654DB0E689BECC6CE442BFEBA35D344690168655239A9588C8B4A5B08A045"
"00-封版范围.json","FC51D2A9BBB980E03424379F71F84CDDE6797F70836543CBB57267A6A48E2A15"
"00-封版检查清单.txt","3FC2B5F4C7B8CE12C2692F637AC21344F437C0C11A698F0413E3CF2BBE0A66C9"
"00-封版元数据.json","D69219C5A48211F8BF6B14FDA025A3C92E8073B36137395E02ADA9170CDEAFAC"
"00-软件参数接口表.xlsx","C4AD7C693F2AD8E9F16D2CE3B5FB8AA7A5E47189E137CCD7AAD1C750B745F127"
"00-软件程序说明.docx","9A92D46CF36E494F7E02DF6707799B055F350148CC720A82AC772080690DE478"
"00-文件SHA256校验清单.csv","70B17CE72D3D1C7AC41EBC54D11B61889ED8ED011492F7435E80E88EB757259F"
"00-运行环境与部署说明.txt","2A23D0691954406CE3A7B4D844951EB92B9765BC9B22540A6F4C31369D3C4B81"
"01-正向仿真\00-正向仿真模块统一说明.docx","B48D8158705069FDBECE5A6ED5F5DB99EACC8F7743B59DF76F22E5CFDB96924B"
"01-正向仿真\01-输入文件\clean_case_template.dat","E0B50B5008078F1FC5E8C6A24BF483505B8719C65532494705D82291CCC9D1F1"
"01-正向仿真\01-输入文件\forward_request_example.json","B4601488AD5AAE8DDF48CB75541829DF900FCC1E511AB026C241CF9D60B1371B"
"01-正向仿真\01-输入文件\forward_request_schema.json","F4D19F1F517626BF2403F9F2B6A458363645A7A7E9E94F09ECF07919A3196C08"
"01-正向仿真\02-程序\__pycache__\forward_simulation_runner.cpython-313.pyc","2F6990F6E07B23B317AEAD7CB20A29415598AF7D64FFD224C9D25B5DDC3714CD"
"01-正向仿真\02-程序\build_windows_oneapi.bat","4C02FEC92C01F2A4E2BE8C7DD68B74B8C406DEB7C7DEB21FF6CC1328743F83AA"
"01-正向仿真\02-程序\forward_simulation_runner.py","4E69117A11B14C3581F6FC00FBB2C1C567A43F01BEC855A1966416C666E83886"
"01-正向仿真\02-程序\generate_clean_formal_case.py","1799BC54368779555544746BF3E13FD2A22984C4AB34392DC13D06F36A9A113F"
"01-正向仿真\02-程序\postprocess_trajectory.py","CDEFE3A6ED2D4CACDF5AEA40A0D57180955A346ABC095B3F3A7728EE531DC0FB"
"01-正向仿真\02-程序\production_main_output_interface.exe","78D212F690E40109CCB8DB4B4B65CA6E53558C4259E1B0866C1EEFD9CF868366"
"01-正向仿真\02-程序\production_main_output_interface.f90","B52454D6EBB5989AD4B1BBB02A28E95688F73D3F950396AE34E10EC34C6A0F03"
"01-正向仿真\02-程序\production_numerical_config.inc","F671C4136B4CD6A1D48AA2A22EC47C04A5D96B437EBBB6BA0ECFDD16C552F737"
"01-正向仿真\02-程序\production_numerical_config.json","A2C8C8913B92A423942F78492F84ED77385B3AD7FD968BC2F0E4DCB3920A4799"
"01-正向仿真\02-程序\production_output_policy.inc","7E1A185DD48C4109AD26CC06C46DC841328C0428D251067EC39B4527766691C0"
"01-正向仿真\02-程序\reconstruct_detector_image.py","5DF0A6D4814FB44FAE492C4D22F4FEF4352E197418505511658D728806CA365E"
"01-正向仿真\02-程序\run_trajectory_postprocess.bat","E5D21BEC21F524B0C66C831556D7600C3019EB906B30624D9153127EB27A2629"
"01-正向仿真\03-输出文件\README_输出目录.txt","E86504638ABB19D3DED8506A060CDC4C31CEB22350AC16D5969AFD409C11207B"
"01-正向仿真\03-输出文件\runs\run_20260911_131206_54dd28bb\case_config.json","6743089C8D88B53566C3D09C4862922718BBB05C7AAC6C3410C7B79D72D8AD6F"
"01-正向仿真\03-输出文件\runs\run_20260911_131206_54dd28bb\input.dat","E0C29AC77AF3D8A97C0B4F9F1033CB78D305EE533533D40AA7C9C1797F6378A1"
"01-正向仿真\03-输出文件\runs\run_20260911_131206_54dd28bb\output\frame_summary.csv","CB39FC28A0E42AE3D9CC312F8451890E53CF9C42C55BBF4994D6F5087FC6685D"
"01-正向仿真\03-输出文件\runs\run_20260911_131206_54dd28bb\output\infrared_response_history.csv","C7733259276335C135B57A8BB883DDE67F3ECAC66906A6B89D2AF83A94F7394D"
"01-正向仿真\03-输出文件\runs\run_20260911_131206_54dd28bb\output\temperature_history.csv","50077E08AEFFFC52809B1D2B7E9EC7B57795716917A634BBCE884A1F3DFEE7CC"
"01-正向仿真\03-输出文件\runs\run_20260911_131206_54dd28bb\output\trajectory_history.csv","1C96C191839E9AE054CEC6F4D59133E5F93974DCC2A054C37E407583946F51F4"
"01-正向仿真\03-输出文件\runs\run_20260911_131206_54dd28bb\request.json","796612F2C8C5BCEEA351E09357884B13FCF226007FB798A16ECBFDBC055D98B0"
"02-智能预测\01-输入文件\读取01输入文件.txt","E3B0C44298FC1C149AFBF4C8996FB92427AE41E4649B934CA495991B7852B855"
"02-智能预测\02-程序\__pycache__\stage_utils.cpython-313.pyc","5A5DAFBBC23FDA9C5E525BCAA01D602F0D1B8ECA8EF5D22FD326D22C4F802461"
"02-智能预测\02-程序\__pycache__\surrogate_prediction_runner.cpython-313.pyc","EC5577368517F0B68312447D05C3911BA530253F581FCD60ED0C6752F7AD2AED"
"02-智能预测\02-程序\__pycache__\surrogate_standard_input.cpython-313.pyc","082BA01BCC3658964DCDC072306E3FFD1CE272052214A7AF9A7D57C2DE2093C8"
"02-智能预测\02-程序\stage_f_run_point_image_candidate_evaluation_v1.py","76754F6F4475B0EC0A713DFA39F034530E49417ABC9E5DBDF202FC4B289ADA3E"
"02-智能预测\02-程序\stage_utils.py","58D02B1F34B92A087C4F5A46C4774F94990C3DDA3BBACA5F55EBAA8753DB4FA8"
"02-智能预测\02-程序\surrogate_prediction_runner.py","AC99F59A73372E571F05BEF490691E21564620F669395449A930E7ED9B1CD41C"
"02-智能预测\02-程序\surrogate_standard_input.py","A11352F58CA4F8AAE447E61E95D4D0F643650BA97D35B6CD3BEDF19CEBB5F3E2"
"02-智能预测\02-程序\入口程序使用说明.txt","235902BAC044D00A61FA29D780258B46C540EE789680738C8B70E58BEB7BD508"
"02-智能预测\03-模型文件\best_model.keras","0D77A38F4457ADF1A34275A9B7309AC1AA3E5E880542B19A59A0155F54C31135"
"02-智能预测\03-模型文件\formal_configured_target_temperature_extratrees.joblib","7AAE9E013ED816E35C73A48FBBE53F6D4331298090E77C1C1A2D04CC2F13AD7A"
"02-智能预测\03-模型文件\point_image_fixed_scene_runtime.csv","5F47EC4CF5B2281030F539AB8B1084FA8691F4956CFFFE5390431E1BD4803467"
"02-智能预测\03-模型文件\scalers.json","98A4DD66D29DD64AA6EF4771CD0CEA337B6AD590B847E14D2635BAFC7180D92A"
"02-智能预测\03-模型文件\surrogate_reference_request.json","B4601488AD5AAE8DDF48CB75541829DF900FCC1E511AB026C241CF9D60B1371B"
"02-智能预测\04-输出文件\latest_run.json","EA0EAA9253C68CE40F9AF0B551855C86EA5B886376206C3CBAF1166C9E8561EE"
"02-智能预测\04-输出文件\README_输出目录.txt","9784E78D3E24742AF431169D4BD9D1C0DBE7CBFD1B2DE6D9F4FD47168C4736E9"
"02-智能预测\04-输出文件\runs\run_20260910_205207_f10e224c\normalized_surrogate_input.json","8F63594A5C48E8382CE4E43AB8E8380DC6C6B234CD84C8D24E6759928A3C19A9"
"02-智能预测\04-输出文件\runs\run_20260910_205207_f10e224c\prediction_summary.json","313C5B17A037BA4C1DE6D0CDDC9EE209C233101816F8C391F98A03592F4DF449"
"02-智能预测\04-输出文件\runs\run_20260910_205207_f10e224c\request.json","796612F2C8C5BCEEA351E09357884B13FCF226007FB798A16ECBFDBC055D98B0"
"02-智能预测\04-输出文件\runs\run_20260910_205207_f10e224c\temperature_prediction.csv","FD11CB997A51B8AE123E7C4A072163E6073A1E7B154E4832493D4EC90ED0D491"
"02-智能预测\04-输出文件\runs\run_20260910_205238_9608c9ba\normalized_surrogate_input.json","8F63594A5C48E8382CE4E43AB8E8380DC6C6B234CD84C8D24E6759928A3C19A9"
"02-智能预测\04-输出文件\runs\run_20260910_205238_9608c9ba\point_image_frame_metrics.csv","A90251014985CB6BF5A8F35720624D5E32239163B84EAF70E7FF64C8D832F413"
"02-智能预测\04-输出文件\runs\run_20260910_205238_9608c9ba\point_image_reconstruction_contract.json","AA378A5003BF0F0259AB317D9677B86B4A8D795509E4B05AF40090D8A34FC149"
"02-智能预测\04-输出文件\runs\run_20260910_205238_9608c9ba\point_token_predictions.csv.gz","BB6983A4803D38C6FD4AFD0D3E29D96E53371E02EC91B3A15EAC64E652B53CF1"
"02-智能预测\04-输出文件\runs\run_20260910_205238_9608c9ba\prediction_summary.json","60A38B14EDBB01C359A8F37378D2C5A6165651EC6748FEA32808280775977E3A"
"02-智能预测\04-输出文件\runs\run_20260910_205238_9608c9ba\request.json","796612F2C8C5BCEEA351E09357884B13FCF226007FB798A16ECBFDBC055D98B0"
"02-智能预测\04-输出文件\runs\run_20260910_205238_9608c9ba\temperature_prediction.csv","FD11CB997A51B8AE123E7C4A072163E6073A1E7B154E4832493D4EC90ED0D491"
"02-智能预测\04-输出文件\runs\run_20260911_151613_31f86a58\normalized_surrogate_input.json","D116754877333740FEB68A381D9412D9A9565DB040843C12BCECD7E5533795DC"
"02-智能预测\04-输出文件\runs\run_20260911_151613_31f86a58\prediction_summary.json","29AFCD142B5A8EDC47BA9032E70A485C2FDDD1A09B7F8235F535F0538F4B8767"
"02-智能预测\04-输出文件\runs\run_20260911_151613_31f86a58\request.json","796612F2C8C5BCEEA351E09357884B13FCF226007FB798A16ECBFDBC055D98B0"
"02-智能预测\04-输出文件\runs\run_20260911_151613_31f86a58\temperature_prediction.csv","FD11CB997A51B8AE123E7C4A072163E6073A1E7B154E4832493D4EC90ED0D491"
"03-相似度评估\01-输入文件\similarity_config.json","EA53BA8F25AA309FD2CB803B82D9E46E6F51C7B5FC5C60802E9F4191698D38D8"
"03-相似度评估\02-程序\__pycache__\periodic_feature_analyzer.cpython-313.pyc","3DF1A1E53A2B2AE9D313B6FB4AB2AF0C3BF70612E82103937516099761A8A55A"
"03-相似度评估\02-程序\__pycache__\response_feature_extractor.cpython-313.pyc","CACCE519DF60FBBA38B9AC7D2E6C2AAB6638CDF5B32A4D47E33E885FEEAFEAB5"
"03-相似度评估\02-程序\__pycache__\similarity_evaluator.cpython-313.pyc","6D2BEA350356404198E467472872E0EFAAF8DC933B81BE9EE04C4505FAFD9C17"
"03-相似度评估\02-程序\__pycache__\similarity_metrics.cpython-313.pyc","01F80769F983F8B185E89D82D2B2DB7145BD795FD51D6A4B639B9EED107E6D09"
"03-相似度评估\02-程序\periodic_feature_analyzer.py","DDC0F8CE762639D8155D8A1C125F1032AF54CD0CA3DD8DF09BBA3C592B90AABA"
"03-相似度评估\02-程序\response_feature_extractor.py","11BED9FC91F01494389ED875BAA232A7289368BE2140E2F325127483F4DC7D21"
"03-相似度评估\02-程序\similarity_evaluator.py","7CA61859619770D349F94FEDE1958269207C547B157996B01440E7F3ED50C006"
"03-相似度评估\02-程序\similarity_metrics.py","B75ECD9BDC134111E882535B1F5EE798539A94C89AC4BF7A85B2619A1E861C56"
"03-相似度评估\02-程序\入口程序使用说明.txt","1A8EB10B18489FEE7C7B6AC3B931132AE941B16286B6F60E26E33A06E9EAF7D8"
"03-相似度评估\03-输出文件\latest_run.json","0101F3D6870F078AFC5C5AC38C449662571ADFB8DA7727495B94AD8B786A2149"
"03-相似度评估\03-输出文件\README_输出目录.txt","583A2434BF0424606E1EA6C4CDADA3432A0D2A6996FA319ED852D39BCDBA547D"
"03-相似度评估\03-输出文件\runs\run_20260911_151825_9403cacb\evaluation_request.json","B5FC97E647490E4CF7E3C1270A419ACB10DB6C55F6A0B98544033BA849C5EA94"
"03-相似度评估\03-输出文件\runs\run_20260911_151825_9403cacb\evaluation_status.json","1840C348659BDCD2DA1159E29A8294D963DC027D29C76A5C160CEFB97E0CEBC1"
"03-相似度评估\03-输出文件\runs\run_20260911_151825_9403cacb\feature_summary.json","E62727F0DA7A02DF390764D70481631BE4D34F6338DAB38AFDC8DC0349421D74"
"03-相似度评估\03-输出文件\runs\run_20260911_151825_9403cacb\feature_timeseries.csv","6DE24CB065805B2923F0AE25FE5B84B19F31D78AA0A4BE90215BA1782C23F1F7"
"03-相似度评估\03-输出文件\runs\run_20260911_151825_9403cacb\object_feature_timeseries.csv","737A563D4ED093DE46A3DD52AC8C77A4B77CE6649B59B060EF0EE5736768B3DF"
"03-相似度评估\03-输出文件\runs\run_20260911_151825_9403cacb\periodic_features.csv","5E798682482345675B3DFD983A3AA8F497EF952167E9D6B34BA8833B226D153B"
"03-相似度评估\03-输出文件\runs\run_20260911_151825_9403cacb\similarity_config_used.json","3118325FFE786CB58A144A1BC479D2181F74CD52051625CC2AFAD96266750FB1"
"04-红外场景构建\01-输入文件\04_global_parameter_pool_10000.csv","D58D09E324911B6D98B500282641BA2484AADE8F58CCF144707143ACED313D27"
"04-红外场景构建\01-输入文件\scene_search_config.json","DCAD3CD84F30A25C82A2AB436B223D6292FC51A3A983321F2F1A66B8D285F4EB"
"04-红外场景构建\01-输入文件\scene_search_request.json","2ABFDA707EA5F4D0CB7DFE2172555C1F919490D92D5B9D94641F88DCC0240817"
"04-红外场景构建\02-程序\__pycache__\scene_search_controller.cpython-313.pyc","95958717B1F9603580B5FD37864829045C881CB6476005CC4CEC70481F0156CF"
"04-红外场景构建\02-程序\__pycache__\stage_g_run_source_case_forward_recheck_v1.cpython-313.pyc","3FD78702A5706F5F2B011784ACDAD49E3BF2046D85726915F310FA9DA9A153C6"
"04-红外场景构建\02-程序\__pycache__\stage_utils.cpython-313.pyc","B6B9E09F8C602230C76898139CB8B8F31DB24A50381CD9857197531973836975"
"04-红外场景构建\02-程序\scene_search_controller.py","1A2E87FAE7B53A073B83F255F8D902842AAA8CBA9191FB645B551E9034C6E57A"
"04-红外场景构建\02-程序\stage_g_run_source_case_forward_recheck_v1.py","03005C7469617C0F2766AB0C827F00FC187A1BFD0C66A25336997B649D023A38"
"04-红外场景构建\02-程序\stage_utils.py","58D02B1F34B92A087C4F5A46C4774F94990C3DDA3BBACA5F55EBAA8753DB4FA8"
"04-红外场景构建\02-程序\入口程序使用说明.txt","C15FCDA1DD52D99F752E91BB2852A075FA3241E00A07363E7CCD551F36267466"
"04-红外场景构建\03-输出文件\latest_run.json","1F43DAA19C3D489D8B10F4401BA7A09930036DBFE6A15D15D01B09CD048C7F5B"
"04-红外场景构建\03-输出文件\README_输出目录.txt","14BF1B2F38956F67FC7831DE624BD8CE25462F0B1418D4903EC3B7D8DCBAFB80"
"04-红外场景构建\03-输出文件\reference_runs\reference_cache_manifest.json","26550889892C70D4260B1170D7364A2464753310CAC2C9CC5234B2183061162D"
"04-红外场景构建\03-输出文件\reference_runs\run_20260911_141945_a5b53bca\case_config.json","6743089C8D88B53566C3D09C4862922718BBB05C7AAC6C3410C7B79D72D8AD6F"
"04-红外场景构建\03-输出文件\reference_runs\run_20260911_141945_a5b53bca\input.dat","E0C29AC77AF3D8A97C0B4F9F1033CB78D305EE533533D40AA7C9C1797F6378A1"
"04-红外场景构建\03-输出文件\reference_runs\run_20260911_141945_a5b53bca\output\frame_summary.csv","5CFE50228725CDBC28E7B34B78509C81949387E691AD05A204930A662CEC409C"
"04-红外场景构建\03-输出文件\reference_runs\run_20260911_141945_a5b53bca\output\infrared_response_history.csv","8526D7596E061EFE0A4A28A624E7BC15551AABE82A6BF4AD94B28537A548D3CF"
"04-红外场景构建\03-输出文件\reference_runs\run_20260911_141945_a5b53bca\output\solver_status.txt","6D639FFFCE13617E1A786B556CDEBE8390087D460A474DA04DDA12694395CF03"
"04-红外场景构建\03-输出文件\reference_runs\run_20260911_141945_a5b53bca\output\temperature_history.csv","8EC445CE41B50AA5D28C25A32ABEDEB501CB07F432325580141C034EA349A51C"
"04-红外场景构建\03-输出文件\reference_runs\run_20260911_141945_a5b53bca\output\trajectory_history.csv","54419961EBB95518CCBA54DE6937512FE12DA2A10EFA2F8BD97E5EBB2DC17C1D"
"04-红外场景构建\03-输出文件\reference_runs\run_20260911_141945_a5b53bca\request.json","796612F2C8C5BCEEA351E09357884B13FCF226007FB798A16ECBFDBC055D98B0"
"04-红外场景构建\03-输出文件\reference_runs\run_20260911_141945_a5b53bca\result.json","A433A9E445C38E4F530573DD47CB2888729B7057E3D003F5EE398887AB6D5966"
"04-红外场景构建\03-输出文件\reference_runs\run_20260911_141945_a5b53bca\sphere1_temperature.csv","31DD81A9EA20653BF933AB3CEBF5E6A42C752AD093827B1C6B629E18F55DA202"
"04-红外场景构建\03-输出文件\reference_runs\run_20260911_141945_a5b53bca\stderr.txt","E3B0C44298FC1C149AFBF4C8996FB92427AE41E4649B934CA495991B7852B855"
"04-红外场景构建\03-输出文件\reference_runs\run_20260911_141945_a5b53bca\stdout.txt","55B2A58B265A92D88AAEE85ABD1E85D6AE484AAD5E336B71C39973C149272418"
"04-红外场景构建\03-输出文件\runs\run_20260911_151927_cfafd7eb\candidate_parameters.csv","F24F5E13F58C747D3FB7CD9D572C6E79FCF14B1D33B7C27F53239BEF34B6F791"
"04-红外场景构建\03-输出文件\runs\run_20260911_151927_cfafd7eb\candidate_temperature_curves.csv","341D8A94D20AFB210F70BF86ECE38A0CF45EB1E449B649C2434C9C223532B7E8"
"04-红外场景构建\03-输出文件\runs\run_20260911_151927_cfafd7eb\scene_search_log.csv","A64774BA968D7B6CAA99EAF39301CCCB399437A9216908167C3A8C58790E25DB"
"04-红外场景构建\03-输出文件\runs\run_20260911_151927_cfafd7eb\scene_search_request_used.json","73E993CBEFBD55EC95067C5FB376E52F95268DBE0C9C4D8C2A737D7635540A7A"
"04-红外场景构建\03-输出文件\runs\run_20260911_151927_cfafd7eb\scene_search_status.json","0B6998A33389612D51C0CA67003E31EB2BC1CB59EBC4965E0BF8868FB68E1F77"
"04-红外场景构建\03-输出文件\runs\run_20260911_151927_cfafd7eb\scene_search_summary.json","106685138AB40F21BC60FD6576A2C1EAB043158E1D4F32AE65642890292DAAFA"
"04-红外场景构建\03-输出文件\runs\run_20260911_151927_cfafd7eb\source_forward_request_used.json","796612F2C8C5BCEEA351E09357884B13FCF226007FB798A16ECBFDBC055D98B0"
"config.json","C407E0BDB0F85255CC629A75B99BA6C3317447A8A546C925B30DE3D0E69C2FF9"
"freeze_release.py","8EC32D169AB56A574759511ED7F3D49A387CF4709D181862242B5A54C0FFA366"
"verify_frozen_release.py","2E8B33F0D24E7EB75A7275610DE480454A3362D09002242BD938532DC7923B5A"
