"Path","Change","Lines"
"App.config","Modified","8"
"MainWindow.xaml","Modified","66"
"MainWindow.xaml.cs","Modified","50"
"PreProcess.Wpf.csproj","Modified","143"
"Services\README.md","Modified","17"
"Services\Execution\BackendPathResolver.cs","Added","69"
"Services\Execution\ForwardSimulationService.cs","Added","178"
"Services\Process\GuiProgressParser.cs","Added","33"
"Services\Process\ProcessLogEvent.cs","Added","11"
"Services\Process\ProcessManager.cs","Added","110"
"Services\Process\ProcessProgressEvent.cs","Added","14"
"Services\Process\ProcessRunRequest.cs","Added","16"
"Services\Process\ProcessRunResult.cs","Added","17"
"Services\Process\WindowsJobProcess.cs","Added","139"
"ViewModels\ForwardRunViewModel.cs","Added","115"
"ViewModels\MainWindowViewModel.cs","Modified","70"
"Views\ForwardRunView.xaml","Added","12"
"Views\ForwardRunView.xaml.cs","Added","6"
