time_s,T_1
0,300
10,300.941470984808
20,301.109297426826
30,300.44112000806
40,299.643197504692
50,299.541075725337
60,300.320584501801
70,301.356986598719
80,301.789358246623
90,301.312118485242
100,300.455978889111
110,300.100009793449
120,300.663427082
130,301.720167036827
140,302.390607355695
150,302.150287840157
160,301.312096683335
170,300.73860250812
180,301.049012753228
190,302.049877209663
200,302.912945250728
210,302.936655638536
220,302.19114869071
230,301.453779595825
240,301.494421637993
250,302.367648249902
260,303.36255845048
270,303.656375928404
280,303.070905788308
290,302.236366115787
300,302.011968375907
310,302.695962354677
320,303.751426681242
330,304.299911860107
340,303.92908268612
350,303.071817330504
360,302.608221146557
370,303.056461866643
380,304.096368578709
390,304.863795386284
400,304.745113160479
410,303.941377331195
420,303.283478452084
430,303.468225257371
440,304.417701925105
450,305.350903524534
460,305.501788347649
470,304.823573122745
480,304.031745338676
490,303.946247347241
500,304.737625146296
510,305.770229175843
520,306.18662759204
530,305.695925150182
540,304.841210951148
550,304.500244826641
560,305.078448997913
570,306.136164755248
580,306.792872648085
590,306.536738007139
600,305.695189378898
610,305.133882229992
620,305.460819303351
630,306.467355700303
640,307.320026038197
650,307.32682867949
660,306.573448845976
670,305.844480021025
680,305.902072319311
690,306.785215186217
700,307.773890681558
710,308.051054653254
720,307.453823362762
730,306.623228043113
740,306.414853739532
750,307.112218364591
760,308.166107636898
770,308.699520158581
780,308.313978455988
790,307.455887331292
800,307.006111346077
810,307.470112005726
820,308.513228782433
830,309.2683644611
840,309.133190320073
850,308.323924380051
860,307.676541552996
870,307.878182163369
880,308.835398302734
890,309.760069405812
900,309.893996663601
910,309.205987511751
920,308.420533930384
930,308.35171785873
940,309.154748014532
950,310.183261714736
960,310.583587745434
970,310.079607739027
980,309.22661812801
990,308.900793165814
1000,309.49363435889
