relative_path,size_bytes,sha256,role
00-README_封版操作.txt,1557,59ab996b6a870121729bbd8b521620416503d893aaedd357bb2d92e63a58cf1e,document
00-变更控制规则.txt,1008,1e3654db0e689becc6ce442bfeba35d344690168655239a9588c8b4a5b08a045,document
00-封版检查清单.txt,1055,3fc2b5f4c7b8ce12c2692f637ac21344f437c0c11a698f0413e3cf2bbe0a66c9,document
00-封版范围.json,1073,fc51d2a9bbb980e03424379f71f84cdde6797f70836543cbb57267a6a48e2a15,contract_or_data
00-版本信息.json,776,76fd768f61cc8f931f56c8e937e232aa564521f4bef041bd6c7193f45b9dd80b,contract_or_data
00-软件参数接口表.xlsx,11950,c4ad7c693f2ad8e9f16d2ce3b5fb8aa7a5e47189e137ccd7aad1c750b745f127,document
00-软件程序说明.docx,40234,9a92d46cf36e494f7e02df6707799b055f350148cc720a82ac772080690de478,document
00-运行环境与部署说明.txt,1901,2a23d0691954406ce3a7b4d844951eb92b9765bc9b22540a6f4c31369d3c4b81,document
01-正向仿真/00-正向仿真模块统一说明.docx,40664,b48d8158705069fdbece5a6ed5f5db99eacc8f7743b59df76f22e5cfdb96924b,document
01-正向仿真/01-输入文件/clean_case_template.dat,1236,e0b50b5008078f1fc5e8c6a24bf483505b8719c65532494705d82291ccc9d1f1,contract_or_data
01-正向仿真/01-输入文件/forward_request_example.json,8875,b4601488ad5aae8ddf48cb75541829df900fcc1e511ab026c241cf9d60b1371b,contract_or_data
01-正向仿真/01-输入文件/forward_request_schema.json,3982,f4d19f1f517626bf2403f9f2b6a458363645a7a7e9e94f09ecf07919a3196c08,contract_or_data
01-正向仿真/02-程序/build_windows_oneapi.bat,1120,4c02fec92c01f2a4e2be8c7dd68b74b8c406deb7c7deb21ff6cc1328743f83aa,program
01-正向仿真/02-程序/forward_simulation_runner.py,15276,4e69117a11b14c3581f6fc00fbb2c1c567a43f01bec855a1966416c666e83886,program
01-正向仿真/02-程序/generate_clean_formal_case.py,849,1799bc54368779555544746bf3e13fd2a22984c4ab34392dc13d06f36a9a113f,program
01-正向仿真/02-程序/postprocess_trajectory.py,7612,cdefe3a6ed2d4cacdf5aea40a0d57180955a346abc095b3f3a7728ee531dc0fb,program
01-正向仿真/02-程序/production_main_output_interface.exe,1338368,78d212f690e40109ccb8db4b4b65ca6e53558c4259e1b0866c1eefd9cf868366,program
01-正向仿真/02-程序/production_main_output_interface.f90,268267,b52454d6ebb5989ad4b1bbb02a28e95688f73d3f950396ae34e10ec34c6a0f03,program
01-正向仿真/02-程序/production_numerical_config.inc,1152,f671c4136b4cd6a1d48aa2a22ec47c04a5d96b437ebbb6ba0ecfdd16c552f737,program
01-正向仿真/02-程序/production_numerical_config.json,522,a2c8c8913b92a423942f78492f84ed77385b3ad7fd968bc2f0e4dcb3920a4799,program
01-正向仿真/02-程序/production_output_policy.inc,394,7e1a185dd48c4109ad26cc06c46dc841328c0428d251067ec39b4527766691c0,program
01-正向仿真/02-程序/reconstruct_detector_image.py,3199,5df0a6d4814fb44fae492c4d22f4fef4352e197418505511658d728806ca365e,program
01-正向仿真/02-程序/run_trajectory_postprocess.bat,347,e5d21bec21f524b0c66c831556d7600c3019eb906b30624d9153127eb27a2629,program
01-正向仿真/03-输出文件/README_输出目录.txt,217,e86504638abb19d3ded8506a060cdc4c31ceb22350ac16d5969afd409c11207b,document
02-智能预测/01-输入文件/读取01输入文件.txt,0,e3b0c44298fc1c149afbf4c8996fb92427ae41e4649b934ca495991b7852b855,document
02-智能预测/02-程序/stage_f_run_point_image_candidate_evaluation_v1.py,15250,76754f6f4475b0ec0a713dfa39f034530e49417abc9e5dbdf202fc4b289ada3e,program
02-智能预测/02-程序/stage_utils.py,4206,58d02b1f34b92a087c4f5a46c4774f94990c3dda3bbaca5f55ebaa8753db4fa8,program
02-智能预测/02-程序/surrogate_prediction_runner.py,16261,ac99f59a73372e571f05bef490691e21564620f669395449a930e7ed9b1cd41c,program
02-智能预测/02-程序/surrogate_standard_input.py,9446,a11352f58ca4f8aae447e61e95d4d0f643650ba97d35b6cd3bedf19cebb5f3e2,program
02-智能预测/02-程序/入口程序使用说明.txt,832,235902bac044d00a61fa29d780258b46c540ee789680738c8b70e58beb7bd508,program
02-智能预测/03-模型文件/best_model.keras,9817355,0d77a38f4457adf1a34275a9b7309ac1aa3e5e880542b19a59a0155f54c31135,model
02-智能预测/03-模型文件/formal_configured_target_temperature_extratrees.joblib,119250676,7aae9e013ed816e35c73a48fbbe53f6d4331298090e77c1c1a2d04cc2f13ad7a,model
02-智能预测/03-模型文件/point_image_fixed_scene_runtime.csv,271921,5f47ec4cf5b2281030f539ab8b1084fa8691f4956cfffe5390431e1bd4803467,model
02-智能预测/03-模型文件/scalers.json,1805,98a4dd66d29dd64aa6ef4771cd0cea337b6ad590b847e14d2635bafc7180d92a,model
02-智能预测/03-模型文件/surrogate_reference_request.json,8875,b4601488ad5aae8ddf48cb75541829df900fcc1e511ab026c241cf9d60b1371b,model
02-智能预测/04-输出文件/README_输出目录.txt,639,9784e78d3e24742af431169d4bd9d1c0dbe7cbfd1b2de6d9f4fd47168c4736e9,document
03-相似度评估/01-输入文件/similarity_config.json,1424,ea53ba8f25aa309fd2cb803b82d9e46e6f51c7b5fc5c60802e9f4191698d38d8,contract_or_data
03-相似度评估/02-程序/periodic_feature_analyzer.py,5490,ddc0f8ce762639d8155d8a1c125f1032af54cd0ca3dd8df09bba3c592b90aaba,program
03-相似度评估/02-程序/response_feature_extractor.py,16079,11bed9fc91f01494389ed875baa232a7289368be2140e2f325127483f4dc7d21,program
03-相似度评估/02-程序/similarity_evaluator.py,8761,7ca61859619770d349f94fede1958269207c547b157996b01440e7f3ed50c006,program
03-相似度评估/02-程序/similarity_metrics.py,16523,b75ecd9bdc134111e882535b1f5ee798539a94c89ac4bf7a85b2619a1e861c56,program
03-相似度评估/02-程序/入口程序使用说明.txt,768,1a8eb10b18489fee7c7b6ac3b931132ae941b16286b6f60e26e33a06e9eaf7d8,program
03-相似度评估/03-输出文件/README_输出目录.txt,773,583a2434bf0424606e1ea6c4cdada3432a0d2a6996fa319ed852d39bcdba547d,document
04-红外场景构建/01-输入文件/04_global_parameter_pool_10000.csv,696129,d58d09e324911b6d98b500282641ba2484aade8f58ccf144707143aced313d27,contract_or_data
04-红外场景构建/01-输入文件/scene_search_config.json,935,dcad3cd84f30a25c82a2ab436b223d6292fc51a3a983321f2f1a66b8d285f4eb,contract_or_data
04-红外场景构建/01-输入文件/scene_search_request.json,295,2abfda707ea5f4d0cb7dfe2172555c1f919490d92d5b9d94641f88dcc0240817,contract_or_data
04-红外场景构建/02-程序/scene_search_controller.py,46916,1a2e87fae7b53a073b83f255f8d902842aaa8cba9191fb645b551e9034c6e57a,program
04-红外场景构建/02-程序/stage_g_run_source_case_forward_recheck_v1.py,4631,03005c7469617c0f2766ab0c827f00fc187a1bfd0c66a25336997b649d023a38,program
04-红外场景构建/02-程序/stage_utils.py,4206,58d02b1f34b92a087c4f5a46c4774f94990c3dda3bbaca5f55ebaa8753db4fa8,program
04-红外场景构建/02-程序/入口程序使用说明.txt,1026,c15fcda1dd52d99f752e91bb2852a075fa3241e00a07363e7ccd551f36267466,program
04-红外场景构建/03-输出文件/README_输出目录.txt,949,14bf1b2f38956f67fc7831de624bd8ce25462f0b1418d4903ec3b7d8dcbafb80,document
config.json,4007,c407e0bdb0f85255cc629a75b99ba6c3317447a8a546c925b30de3d0e69c2ff9,contract_or_data
freeze_release.py,3395,8ec32d169ab56a574759511ed7f3d49a387cf4709d181862242b5a54c0ffa366,program
verify_frozen_release.py,2191,2e8b33f0d24e7eb75a7275610de480454a3362d09002242bd938532dc7923b5a,program
